k,d,time,accuracy,precision,recall,f1,confusion
2,2,5.322244167327881,0.8774536095949375,0.0,0.0,0.0,"[[194678      0]
 [ 27189      0]]"
2,3,5.725042104721069,0.8774536095949375,0.0,0.0,0.0,"[[194678      0]
 [ 27189      0]]"
2,4,7.680984258651733,0.8774536095949375,0.0,0.0,0.0,"[[194678      0]
 [ 27189      0]]"
