k,d,time,accuracy,precision,recall,f1,confusion
2,2,151.94547533988953,0.9702549781447304,0.0,0.0,0.0,"[[399551      0]
 [ 12249      0]]"
2,3,285.87216353416443,0.9702549781447304,0.0,0.0,0.0,"[[399551      0]
 [ 12249      0]]"
2,4,498.1039595603943,0.9702549781447304,0.0,0.0,0.0,"[[399551      0]
 [ 12249      0]]"
2,5,802.3562049865723,0.9702549781447305,0.0,0.0,0.0,"[[399551      0]
 [ 12249      0]]"
