k,d,time,accuracy,precision,recall,f1,confusion
2,2,3.5077438354492188,0.8774536095949375,0.0,0.0,0.0,"[[194678      0]
 [ 27189      0]]"
2,3,5.766867876052856,0.8774536095949375,0.0,0.0,0.0,"[[194678      0]
 [ 27189      0]]"
2,4,7.5445592403411865,0.8774536095949375,0.0,0.0,0.0,"[[194678      0]
 [ 27189      0]]"
